{"RCC-TA-101.016~B.svs": {"4": {"stain_vectors": [[0.6691417359040882, 0.4614325375483783], [0.6109716874620261, 0.5607308996423856], [0.4230401096717278, 0.6875033610666239]], "max_sat": [[0.9532771720006413], [0.5902756991461515]]}}}