{"RCC-TA-101.017~B.svs": {"4": {"stain_vectors": [[0.7416210277127067, 0.23900725306165288], [0.6081603181702725, 0.4601533276029495], [0.2830888176127436, 0.8550640023295656]], "max_sat": [[1.1239737890399337], [0.38720396035667504]]}}}