{"RCC-TA-101.017~B.svs": {"4": {"stain_vectors": [[0.6858156872693976, 0.44916893383628587], [0.6028839347931423, 0.5386968106721509], [0.40766138431735555, 0.7127783772309788]], "max_sat": [[1.1666237049967043], [0.49753838547652]]}}}