{"RCC-TA-101.001~C.svs": {"4": {"stain_vectors": [[0.5480433339111893, 0.28816552586323596], [0.7033221163970329, 0.8019773593665261], [0.4527543536425765, 0.5232522764092463]], "max_sat": [[1.3626644738368816], [1.1231555812958631]]}}}