{"RCC-TA-101.019~E.svs": {"4": {"stain_vectors": [[0.6310941646457472, 0.4874091969719433], [0.6296686974405128, 0.5596101858732268], [0.45303144130805567, 0.6702751036508053]], "max_sat": [[0.7300946285601023], [0.4724941878855454]]}}}