{"RCC-TA-101.001~C.svs": {"4": {"stain_vectors": [[0.49214427394779714, 0.014339427945869065], [0.7235774035470086, 0.8164334180163164], [0.4839728863237746, 0.5772615133129699]], "max_sat": [[1.3380448404711531], [0.584153014163328]]}}}