{"RCC-TA-101.016~B.svs": {"4": {"stain_vectors": [[0.7438082560620889, 0.280821054183869], [0.6124006891922338, 0.49049858062470186], [0.2677959560761725, 0.8249549550928301]], "max_sat": [[0.7587946959997817], [0.8341013150272693]]}}}