{"RCC-TA-101.019~E.svs": {"4": {"stain_vectors": [[0.7346886991241064, 0.29176266447928045], [0.6433574082458604, 0.4253736970801974], [0.21522955334827376, 0.8566981764006945]], "max_sat": [[0.5707764921492876], [0.43450652538563117]]}}}