{"RCC-TA-101.042~B.svs": {"4": {"stain_vectors": [[0.6888259655216342, 0.3904380314436075], [0.6604146716896692, 0.6490363230859814], [0.2989502477674429, 0.6529241877258573]], "max_sat": [[0.6204392018110163], [0.5543187551460113]]}}}