{"RCC-TA-101.042~B.svs": {"4": {"stain_vectors": [[0.6296681694546876, 0.4328419191704739], [0.6655908831341382, 0.6505317121526771], [0.40063296502447326, 0.624064391303115]], "max_sat": [[0.8437323395627077], [0.624693523401802]]}}}