{"RCC-TA-101.041~D_Hemaneu.svs": {"4": {"stain_vectors": [[0.6426945191441027, 0.4060975169957487], [0.6384248908896429, 0.5720993350713998], [0.42350609647876203, 0.7125918589913515]], "max_sat": [[1.347444211063223], [0.5325868024193092]]}}}