{"RCC-TA-101.041~D_Hemaneu.svs": {"4": {"stain_vectors": [[0.6826525667270917, 0.33103407275523944], [0.6476803593085897, 0.5641610494081593], [0.33837202205089284, 0.7563985411182147]], "max_sat": [[1.133661403587595], [0.5622844467442073]]}}}